Player,Pos,School,Conference,State,Ht,Wt,40yd,Vertical,Bench,Broad Jump,3Cone,Shuttle
Israel Abanikanda,RB,Pittsburgh,ACC,Pennsylvania,5-10,216,,,,,,
Yasir Abdullah,LB,Louisville,ACC,Kentucky,6-1,237,4.47,36.5,,129.0,,
Devon Achane,RB,Texas A&M,SEC,Texas,5-9,188,4.32,33.0,,,,
Jordan Addison,WR,USC,PAC-12,California,5-11,173,4.49,34.0,,122.0,,
Adetomiwa Adebawore,DE,Northwestern,Big Ten,Illinois,6-2,282,4.49,37.5,27.0,125.0,,
Alan Ali,C,TCU,Big 12,Texas,6-4,301,,26.5,,,,
Davis Allen,TE,Clemson,ACC,South Carolina,6-6,245,,38.5,,125.0,,
MJ Anderson,DE,Iowa St.,Big 12,Iowa,6-3,269,,33.0,,,,
Jake Andrews,C,Troy,Sun Belt,Alabama,6-3,305,5.15,26.0,,102.0,,4.73
Felix Anudike-Uzomah,EDGE,Kansas St.,Big 12,Kansas,6-3,255,,,,,,
Malaesala Aumavae-Laulu,OT,Oregon,PAC-12,Oregon,6-6,317,5.23,28.5,,106.0,7.65,4.75
Alex Austin,CB,Oregon St.,PAC-12,Oregon,6-1,195,4.55,33.0,,122.0,,4.33
Steve Avila,G,TCU,Big 12,Texas,6-4,332,5.21,29.5,,98.0,7.85,4.74
Tyson Bagent,QB,Shepherd,PSAC,West Virginia,6-3,213,4.79,36.0,,120.0,6.95,4.36
Henry Bainivalu,G,Washington,PAC-12,Washington,6-6,306,5.5,28.0,,101.0,8.34,4.97
Habakkuk Baldonado,EDGE,Pittsburgh,ACC,Pennsylvania,6-4,251,4.78,35.0,21.0,120.0,7.11,4.44
Deonte Banks,CB,Maryland,Big Ten,Maryland,6-0,197,4.35,42.0,,136.0,,
Jeremy Banks,LB,Tennessee,SEC,Tennessee,6-1,232,4.53,37.5,25.0,127.0,7.27,4.38
Bryce Baringer,P,Michigan St.,Big Ten,Michigan,6-2,216,,,,,,
Micah Baskerville,LB,LSU,SEC,Louisiana,6-1,221,,31.0,,115.0,,
TJ Bass,G,Oregon,PAC-12,Oregon,6-4,317,5.48,28.5,,109.0,,
Jordan Battle,SAF,Alabama,SEC,Alabama,6-1,209,4.55,,17.0,,,
Robert Beal,EDGE,Georgia,SEC,Georgia,6-4,247,4.48,30.0,,123.0,,
Ronnie Bell,WR,Michigan,Big Ten,Michigan,6-0,191,4.54,38.5,14.0,120.0,6.98,4.15
Jakorian Bennett,CB,Maryland,Big Ten,Maryland,5-11,188,4.3,40.5,13.0,133.0,,
Stetson Bennett,QB,Georgia,SEC,Georgia,5-11,192,4.67,33.5,,118.0,,4.2
Keeanu Benton,DT,Wisconsin,Big Ten,Wisconsin,6-4,309,5.08,29.5,25.0,111.0,7.34,4.65
Matthew Bergeron,OT,Syracuse,ACC,New York,6-5,318,,30.5,,103.0,,
Tank Bigsby,RB,Auburn,SEC,Alabama,6-0,210,4.56,32.5,,119.0,,
Mekhi Blackmon,CB,USC,PAC-12,California,5-11,178,4.47,36.0,11.0,125.0,,
Jake Bobo,WR,UCLA,PAC-12,California,6-4,206,,,,,,
Kayshon Boutte,WR,LSU,SEC,Louisiana,5-11,195,4.5,29.0,,118.0,,4.25
Lance Boykin,CB,Coastal Carolina,Sun Belt,South Carolina,6-2,200,,,13.0,124.0,,
Anthony Bradford,G,LSU,SEC,Louisiana,6-4,332,5.08,30.0,,106.0,7.84,4.8
Brian Branch,CB,Alabama,SEC,Alabama,6-0,190,4.58,34.5,14.0,125.0,,
Julius Brents,CB,Kansas St.,Big 12,Kansas,6-3,198,4.53,41.5,,138.0,6.63,4.05
Bryan Bresee,DT,Clemson,ACC,South Carolina,6-6,298,4.86,29.0,22.0,,,
Nick Broeker,G,Mississippi,SEC,Mississippi,6-4,305,5.27,,,,7.75,4.7
Jalen Brooks,WR,South Carolina,SEC,South Carolina,6-1,201,4.69,35.0,,130.0,7.15,4.31
Myles Brooks,CB,Louisiana Tech,Conference USA,Louisiana,6-1,201,,,,,,
Matthew Brooks,P,Tennessee,SEC,Tennessee,6-5,201,,,,,,
Cameron Brown,CB,Ohio St.,Big Ten,Ohio,6-0,199,,,,,,
Chase Brown,RB,Illinois,Big Ten,Illinois,5-10,209,4.43,40.0,,127.0,,
Ji'Ayir Brown,SAF,Penn St.,Big Ten,Pennsylvania,5-11,203,4.65,32.5,18.0,119.0,,
Sydney Brown,SAF,Illinois,Big Ten,Illinois,5-10,211,4.47,40.5,23.0,130.0,,
Jason Brownlee,WR,Southern Mississippi,Conference USA,Mississippi,6-2,198,4.59,39.5,16.0,131.0,,
Arquon Bush,CB,Cincinnati,AAC,Ohio,6-0,187,4.54,33.5,,115.0,,
Jack Campbell,LB,Iowa,Big Ten,Iowa,6-5,249,4.65,37.5,,128.0,6.74,4.24
Anders Carlson,K,Auburn,SEC,Alabama,6-5,218,,,,,,
Jalen Carter,DT,Georgia,SEC,Georgia,6-3,314,,,,,,
Zach Charbonnet,RB,UCLA,PAC-12,California,6-0,214,4.53,37.0,,122.0,,
Jerrod Clark,DT,Coastal Carolina,Sun Belt,South Carolina,6-4,334,5.25,27.5,,102.0,7.6,4.83
Kei'Trel Clark,CB,Louisville,ACC,Kentucky,5-10,181,4.42,34.5,,122.0,,4.21
Keondre Coburn,DT,Texas,Big 12,Texas,6-2,332,5.22,27.5,24.0,101.0,,
Chamarri Conner,SAF,Virginia Tech,ACC,Virginia,6-0,202,4.51,40.5,20.0,125.0,,
Jacob Copeland,WR,Maryland,Big Ten,Maryland,5-11,201,4.42,33.0,20.0,127.0,7.01,4.47
Brenton Cox,EDGE,Florida,SEC,Florida,6-4,250,4.82,33.0,24.0,115.0,,
Malik Cunningham,QB,Louisville,ACC,Kentucky,6-0,192,4.53,,,,,
McClendon Curtis,G,Tennessee-Chattanooga,Southern Conference,Tennessee,6-6,324,5.24,26.5,,105.0,7.7,4.97
DJ Dale,DT,Alabama,SEC,Alabama,6-1,302,5.26,25.5,,98.0,7.69,4.8
Braeden Daniels,OT,Utah,PAC-12,Utah,6-4,294,4.99,30.5,,109.0,7.53,4.6
Derius Davis,WR,TCU,Big 12,Texas,5-8,165,4.36,,,,,4.38
Nathaniel Dell,WR,Houston,AAC,Texas,5-8,165,4.49,,,121.0,,
SirVocea Dennis,LB,Pittsburgh,ACC,Pennsylvania,6-1,226,,,19.0,,,
Gervon Dexter,DT,Florida,SEC,Florida,6-6,310,4.88,31.0,22.0,110.0,7.5,
YaYa Diaby,DE,Louisville,ACC,Kentucky,6-3,263,4.51,37.0,,120.0,,
Demario Douglas,WR,Liberty,Conference USA,Virginia,5-8,179,4.44,39.5,,134.0,,4.29
Josh Downs,WR,North Carolina,ACC,North Carolina,5-9,171,4.48,38.5,,131.0,,
Grant DuBose,WR,Charlotte,Conference USA,North Carolina,6-2,201,4.57,35.0,,125.0,6.89,4.32
Max Duggan,QB,TCU,Big 12,Texas,6-2,207,4.52,30.5,,116.0,7.26,4.45
Jaelyn Duncan,OT,Maryland,Big Ten,Maryland,6-6,306,5.1,31.5,,113.0,,
Christopher Dunn,K,North Carolina St.,ACC,North Carolina,5-8,175,,,,,,
Payne Durham,TE,Purdue,Big Ten,Indiana,6-6,253,,34.5,,117.0,,
Travis Dye,RB,USC,PAC-12,California,5-10,201,,,,,,
Ikenna Enechukwu,DE,Rice,Conference USA,Texas,6-4,264,4.7,31.5,,120.0,,
Tiyon Evans,RB,Louisville,ACC,Kentucky,5-10,225,4.52,30.5,,,,
Zach Evans,RB,Mississippi,SEC,Mississippi,5-11,202,,,,,,
Zay Flowers,WR,Boston Col.,ACC,Massachusetts,5-9,182,4.42,35.5,,127.0,,
Emmanuel Forbes,CB,Mississippi St.,SEC,Mississippi,6-1,166,4.35,37.5,,131.0,,
Bryce Ford-Wheaton,WR,West Virginia,Big 12,West Virginia,6-4,221,4.38,41.0,,129.0,6.97,4.15
Alex Forsyth,C,Oregon,PAC-12,Oregon,6-4,303,,20.5,,95.0,,
Isaiah Foskey,EDGE,Notre Dame,Independent,Indiana,6-5,264,4.58,34.0,22.0,125.0,7.28,4.41
Blake Freeland,OT,BYU,Independent,Utah,6-8,302,4.98,37.0,,120.0,7.46,4.71
Jon Gaines,G,UCLA,PAC-12,California,6-4,303,5.01,32.5,,114.0,7.31,4.45
Connor Galvin,OT,Baylor,Big 12,Texas,6-7,293,5.48,30.5,,104.0,8.0,4.92
Mekhi Garner,CB,LSU,SEC,Louisiana,6-2,212,4.55,38.0,,128.0,,
Ali Gaye,EDGE,LSU,SEC,Louisiana,6-6,263,,,,,,
Jahmyr Gibbs,RB,Alabama,SEC,Alabama,5-9,199,4.36,33.5,,,,
Noah Gindorff,TE,North Dakota St.,MVFC,North Dakota,6-6,263,,,16.0,,,
Christian Gonzalez,CB,Oregon,PAC-12,Oregon,6-1,197,4.38,41.5,14.0,133.0,,
Richard Gouraige,OT,Florida,SEC,Florida,6-5,306,,,,,,
Jalen Graham,LB,Purdue,Big Ten,Indiana,6-2,220,4.64,30.5,,112.0,,
Eric Gray,RB,Oklahoma,Big 12,Oklahoma,5-10,207,,37.5,,118.0,,
Antoine Green,WR,North Carolina,ACC,North Carolina,6-2,199,4.47,33.5,,123.0,6.99,4.27
Jovaughn Gwyn,G,South Carolina,SEC,South Carolina,6-2,297,5.12,27.5,,109.0,7.9,4.8
Jake Haener,QB,Fresno St.,Mountain West,California,6-0,207,,35.0,,114.0,7.01,
Derick Hall,EDGE,Auburn,SEC,Alabama,6-3,254,4.55,33.5,,127.0,,
Jaren Hall,QB,BYU,Independent,Utah,6-0,207,,,,,,
Nick Hampton,EDGE,Appalachian St.,Sun Belt,North Carolina,6-2,236,4.58,35.5,,120.0,,
Anton Harrison,OT,Oklahoma,Big 12,Oklahoma,6-4,315,4.98,28.5,,105.0,,
Zach Harrison,EDGE,Ohio St.,Big Ten,Ohio,6-6,274,,,25.0,,,
Jadon Haselwood,WR,Arkansas,SEC,Arkansas,6-2,215,4.66,37.0,,123.0,6.98,4.31
Ryan Hayes,OT,Michigan,Big Ten,Michigan,6-6,298,5.18,30.0,,103.0,7.39,
Malik Heath,WR,Mississippi,SEC,Mississippi,6-2,213,4.64,34.0,,124.0,6.96,4.46
DeMarcco Hellams,SAF,Alabama,SEC,Alabama,6-1,203,4.57,31.0,,121.0,,
Daiyan Henley,LB,Washington St.,PAC-12,Washington,6-1,225,4.54,35.0,,125.0,,
KJ Henry,EDGE,Clemson,ACC,South Carolina,6-4,251,4.63,31.5,,112.0,,
Nick Herbig,EDGE,Wisconsin,Big Ten,Wisconsin,6-2,240,4.65,,25.0,,,
Shaka Heyward,LB,Duke,ACC,North Carolina,6-3,235,4.53,31.0,22.0,116.0,7.32,4.4
Ronnie Hickman,SAF,Ohio St.,Big Ten,Ohio,6-1,203,,,,,,
Elijah Higgins,WR,Stanford,PAC-12,California,6-3,235,4.54,35.0,,126.0,7.01,
Brandon Hill,SAF,Pittsburgh,ACC,Pennsylvania,5-10,193,4.43,35.5,15.0,123.0,,
Tre'Vius Hodges-Tomlinson,CB,TCU,Big 12,Texas,5-8,178,4.41,39.0,12.0,132.0,,
Hendon Hooker,QB,Tennessee,SEC,Tennessee,6-3,217,,,,,,
Dylan Horton,EDGE,TCU,Big 12,Texas,6-4,257,,34.0,18.0,120.0,,
Jordan Howden,SAF,Minnesota,Big Ten,Minnesota,6-0,203,4.49,33.5,14.0,119.0,,
Evan Hull,RB,Northwestern,Big Ten,Illinois,5-10,209,4.47,37.0,,123.0,6.9,4.38
Xavier Hutchinson,WR,Iowa St.,Big 12,Iowa,6-2,203,4.53,36.0,,116.0,6.91,4.35
Jalin Hyatt,WR,Tennessee,SEC,Tennessee,6-0,176,4.4,40.0,,135.0,,
Mohamed Ibrahim,RB,Minnesota,Big Ten,Minnesota,5-8,203,,,,,,
Andre Carter II,EDGE,Army,Independent,New York,6-7,256,,30.0,11.0,109.0,,4.36
Jason Taylor II,SAF,Oklahoma St.,Big 12,Oklahoma,6-0,204,4.5,43.0,14.0,129.0,,
Mark Evans II,OT,University of Arkansas at Pine Bluff,SWAC,Arkansas,6-3,303,5.44,26.5,,101.0,7.75,4.92
Rashad Torrence II,SAF,Florida,SEC,Florida,6-0,193,4.72,33.5,20.0,119.0,,
Clark Phillips III,CB,Utah,PAC-12,Utah,5-9,184,4.51,33.0,18.0,,,4.32
Trey Dean III,SAF,Florida,SEC,Florida,6-2,200,4.75,36.5,25.0,124.0,,
Siaki Ika,DT,Baylor,Big 12,Texas,6-3,335,5.39,,,,7.8,4.99
Thomas Incoom,EDGE,Central Michigan,MAC,Michigan,6-2,262,4.66,30.5,23.0,118.0,,
Andrei Iosivas,WR,Princeton,Ivy League,New Jersey,6-3,205,4.43,39.0,19.0,128.0,6.85,4.12
Will McDonald IV,EDGE,Iowa St.,Big 12,Iowa,6-4,239,,36.0,,132.0,,
Kearis Jackson,WR,Georgia,SEC,Georgia,5-11,196,4.55,,,126.0,,
Rakim Jarrett,WR,Maryland,Big Ten,Maryland,6-0,192,4.44,35.5,13.0,123.0,,
Michael Jefferson,WR,Louisiana,Sun Belt,Louisiana,6-4,199,4.56,37.0,16.0,133.0,7.03,4.56
Jaray Jenkins,WR,LSU,SEC,Louisiana,6-2,204,4.6,29.5,20.0,,,
Anthony Johnson,CB,Virginia,ACC,Virginia,6-2,205,4.63,30.5,15.0,116.0,,
Antonio Johnson,SAF,Texas A&M,SEC,Texas,6-2,198,4.52,31.0,8.0,118.0,,
CJ Johnson,WR,East Carolina,AAC,North Carolina,6-2,224,,,,,,
DJ Johnson,EDGE,Oregon,PAC-12,Oregon,6-4,260,4.49,32.0,28.0,110.0,,
Roschon Johnson,RB,Texas,Big 12,Texas,6-0,219,4.58,31.5,,122.0,,
Quentin Johnston,WR,TCU,Big 12,Texas,6-3,208,,40.5,,134.0,,
Broderick Jones,OT,Georgia,SEC,Georgia,6-5,311,4.97,30.0,,108.0,,
Cam Jones,LB,Indiana,Big Ten,Indiana,6-1,226,4.69,33.0,17.0,,,
Charlie Jones,WR,Purdue,Big Ten,Indiana,5-11,175,4.43,36.5,13.0,124.0,,
Dawand Jones,OT,Ohio St.,Big Ten,Ohio,6-8,374,5.35,,,,,
Jaylon Jones,CB,Texas A&M,SEC,Texas,6-2,200,4.57,38.0,14.0,122.0,6.88,4.3
Nic Jones,CB,Ball St.,MAC,Indiana,6-0,189,4.51,34.5,,122.0,,4.34
Tyreque Jones,SAF,Boise St.,Mountain West,Illinois,6-2,195,4.52,32.0,,119.0,,4.48
Brandon Joseph,SAF,Notre Dame,Independent,Indiana,6-0,202,4.62,30.5,17.0,118.0,7.08,4.23
Andre Jones Jr.,EDGE,Louisiana,Sun Belt,Louisiana,6-5,248,,29.0,,116.0,,
Anthony Johnson Jr.,SAF,Iowa St.,Big 12,Iowa,6-0,205,4.54,37.5,,125.0,,
Chris Rodriguez Jr.,RB,Kentucky,SEC,Kentucky,6-0,217,,,,,,
Darrell Luter Jr.,CB,South Alabama,Sun Belt,Alabama,6-0,189,4.46,40.5,,123.0,6.9,4.43
Dontay Demus Jr.,WR,Maryland,Big Ten,Maryland,6-3,212,4.57,35.5,,123.0,,4.39
Earl Bostick Jr.,OT,Kansas,Big 12,Kansas,6-6,309,5.05,31.0,,111.0,,
Emil Ekiyor Jr.,G,Alabama,SEC,Alabama,6-3,314,,,,,,
Ivan Pace Jr.,LB,Cincinnati,AAC,Ohio,5-11,231,,,,,,
Joey Porter Jr.,CB,Penn St.,Big Ten,Pennsylvania,6-3,193,4.46,35.0,17.0,129.0,,
Paris Johnson Jr.,OT,Ohio St.,Big Ten,Ohio,6-6,313,,,,110.0,,
Viliami Fehoko Jr.,DE,San Jose St.,Mountain West,California,6-4,276,,,24.0,,,
Will Anderson Jr.,EDGE,Alabama,SEC,Alabama,6-4,253,4.6,,,,,
Calijah Kancey,DT,Pittsburgh,ACC,Pennsylvania,6-1,281,4.67,,,,,
Kyu Blu Kelly,CB,Stanford,PAC-12,California,6-0,191,4.52,36.0,,131.0,,
Dalton Kincaid,TE,Utah,PAC-12,Utah,6-4,246,,,,,,
Jaxson Kirkland,G,Washington,PAC-12,Washington,6-7,321,,,,,,
Malik Knowles,WR,Kansas St.,Big 12,Kansas,6-2,196,,,,,,
Adam Korsak,P,Rutgers,Big Ten,New Jersey,6-1,187,,,,,,
Tucker Kraft,TE,South Dakota St.,MVFC,South Dakota,6-5,254,,34.0,23.0,122.0,7.08,4.29
Zack Kuntz,TE,Old Dominion,Conference USA,Virginia,6-7,255,,40.0,23.0,128.0,6.87,4.12
Tyler Lacy,DE,Oklahoma St.,Big 12,Oklahoma,6-4,279,5.11,28.5,30.0,116.0,7.6,
Brent Laing,G,DuluthUniversity of Minnesota,NSIC,Minnesota,6-4,304,,,,,,
Isaiah Land,EDGE,Florida A&M,MEAC,Florida,6-4,236,4.62,34.5,21.0,126.0,7.2,4.56
Matt Landers,WR,Arkansas,SEC,Arkansas,6-4,200,4.37,37.0,,130.0,,
Sam LaPorta,TE,Iowa,Big Ten,Iowa,6-3,245,,35.0,,123.0,6.91,4.25
Cameron Latu,TE,Alabama,SEC,Alabama,6-4,242,,,,,,
Eku Leota,EDGE,Auburn,SEC,Alabama,6-3,252,,,,,,
Will Levis,QB,Kentucky,SEC,Kentucky,6-4,229,,34.0,,124.0,,
Hunter Luepke,FB,North Dakota St.,MVFC,North Dakota,6-1,230,,,,,,
Will Mallory,TE,Miami,ACC,Florida,6-5,239,,36.5,20.0,121.0,,
Tashawn Manning,G,Kentucky,SEC,Kentucky,6-3,327,5.34,27.5,,102.0,7.9,4.8
Jartavius Martin,SAF,Illinois,Big Ten,Illinois,5-11,194,4.46,44.0,15.0,133.0,,
Ochaun Mathis,EDGE,Nebraska,Big Ten,Nebraska,6-5,250,4.74,33.5,21.0,118.0,,4.38
Cody Mauch,OT,North Dakota St.,MVFC,North Dakota,6-5,302,5.08,29.0,,108.0,7.33,4.55
Michael Mayer,TE,Notre Dame,Independent,Indiana,6-5,249,,32.5,,118.0,,
DeWayne McBride,RB,Alabama-Birmingham,Conference USA,Alabama,5-10,209,,,,,,
Warren McClendon,OT,Georgia,SEC,Georgia,6-4,306,,,,,,
Jordan McFadden,G,Clemson,ACC,South Carolina,6-2,303,4.99,28.5,,,7.7,4.81
Isaiah McGuire,DE,Missouri,SEC,Missouri,6-4,268,4.76,36.5,,122.0,7.39,
Kenny McIntosh,RB,Georgia,SEC,Georgia,6-0,204,4.62,,,,,
Tanner McKee,QB,Stanford,PAC-12,California,6-6,231,,33.0,,114.0,7.22,4.41
Kaevon Merriweather,SAF,Iowa,Big Ten,Iowa,6-0,205,4.62,35.5,,118.0,,
Kendre Miller,RB,TCU,Big 12,Texas,5-11,215,,,,,,
Ventrell Miller,LB,Florida,SEC,Florida,6-0,232,,,,,,
Marvin Mims,WR,Oklahoma,Big 12,Oklahoma,5-11,183,4.38,39.5,,129.0,6.9,
Jonathan Mingo,WR,Mississippi,SEC,Mississippi,6-2,220,4.46,39.5,22.0,129.0,,
Cameron Mitchell,CB,Northwestern,Big Ten,Illinois,5-11,191,4.47,35.0,15.0,,,
Keaton Mitchell,RB,East Carolina,AAC,North Carolina,5-8,179,4.37,38.0,,126.0,,
Jake Moody,K,Michigan,Big Ten,Michigan,6-1,209,,,,,,
Isaiah Moore,LB,North Carolina St.,ACC,North Carolina,6-2,233,,,26.0,,,
Jalen Moreno-Cropper,WR,Fresno St.,Mountain West,California,5-11,172,4.4,,,121.0,,
Mike Morris,DE,Michigan,Big Ten,Michigan,6-5,275,4.95,28.5,22.0,110.0,,
Wanya Morris,OT,Oklahoma,Big 12,Oklahoma,6-5,307,5.1,28.5,,111.0,,
Riley Moss,CB,Iowa,Big Ten,Iowa,6-1,193,4.45,39.0,,127.0,,
Caleb Murphy,EDGE,Ferris St.,GLIAC,Michigan,6-3,254,4.81,28.5,,119.0,7.28,4.45
Myles Murphy,EDGE,Clemson,ACC,South Carolina,6-5,268,,,25.0,,,
Luke Musgrave,TE,Oregon St.,PAC-12,Oregon,6-6,253,,36.0,,125.0,,
PJ Mustipher,DT,Penn St.,Big Ten,Pennsylvania,6-4,320,5.41,27.5,19.0,96.0,8.01,5.03
Puka Nacua,WR,BYU,Independent,Utah,6-2,201,,,,,,
Lukas Van Ness,EDGE,Iowa,Big Ten,Iowa,6-5,272,4.58,31.0,17.0,118.0,7.02,4.32
Joseph Ngata,WR,Clemson,ACC,South Carolina,6-3,217,4.54,34.5,,124.0,,
Aidan O'Connell,QB,Purdue,Big Ten,Indiana,6-3,213,,,,,,
Moro Ojomo,DT,Texas,Big 12,Texas,6-3,292,5.04,33.0,29.0,112.0,,
John Ojukwu,OT,Boise St.,Mountain West,Illinois,6-6,309,5.24,28.5,,104.0,7.52,4.52
BJ Ojulari,EDGE,LSU,SEC,Louisiana,6-2,248,,32.5,,126.0,,
Olusegun Oluwatimi,C,Michigan,Big Ten,Michigan,6-3,309,5.38,29.0,,110.0,,
Anfernee Orji,LB,Vanderbilt,SEC,Tennessee,6-1,230,4.53,38.5,,122.0,7.0,4.43
DeMarvion Overshown,LB,Texas,Big 12,Texas,6-3,229,4.56,,15.0,124.0,,
Gervarrius Owens,SAF,Houston,AAC,Texas,6-0,195,,37.5,15.0,125.0,,
Trey Palmer,WR,Nebraska,Big Ten,Nebraska,6-0,192,4.33,,,,,
Owen Pappoe,LB,Auburn,SEC,Alabama,6-0,225,4.39,35.5,29.0,126.0,,
Jarrett Patterson,C,Notre Dame,Independent,Indiana,6-5,306,5.33,29.5,,106.0,7.96,4.73
Kyle Patterson,TE,Air Force,Mountain West,Colorado,6-5,260,,,,,,
Camerun Peoples,RB,Appalachian St.,Sun Belt,North Carolina,6-1,217,4.61,37.0,,121.0,,
A.T. Perry,WR,Wake Forest,ACC,North Carolina,6-4,198,4.47,35.0,,133.0,,
Lonnie Phelps,EDGE,Kansas,Big 12,Kansas,6-2,244,4.55,,31.0,,,
Zacch Pickens,DT,South Carolina,SEC,South Carolina,6-4,291,4.89,30.5,22.0,116.0,7.45,4.62
Jack Podlesny,K,Georgia,SEC,Georgia,6-0,194,,,,,,
B.T. Potter,K,Clemson,ACC,South Carolina,5-10,185,,,,,,
Deneric Prince,RB,Tulsa,AAC,Oklahoma,6-0,216,4.41,35.5,,124.0,,
Jose Ramirez,EDGE,Eastern Michigan,MAC,Michigan,6-2,242,4.73,34.5,21.0,118.0,6.95,4.3
Jalen Redmond,DT,Oklahoma,Big 12,Oklahoma,6-2,291,4.81,34.5,27.0,116.0,7.3,4.51
Jayden Reed,WR,Michigan St.,Big Ten,Michigan,5-11,187,4.45,33.5,,121.0,,4.29
Rashee Rice,WR,SMU,AAC,Texas,6-1,204,4.51,41.0,,128.0,,
Asim Richards,OT,North Carolina,ACC,North Carolina,6-4,309,,,,,,
Anthony Richardson,QB,Florida,SEC,Florida,6-4,244,4.43,40.5,,129.0,,
Eli Ricks,CB,Alabama,SEC,Alabama,6-2,188,,,,,,
Kelee Ringo,CB,Georgia,SEC,Georgia,6-2,207,4.36,33.5,,122.0,,
Brad Robbins,P,Michigan,Big Ten,Michigan,6-1,199,,,,,,
Bijan Robinson,RB,Texas,Big 12,Texas,5-11,215,4.46,37.0,,124.0,,
Jammie Robinson,SAF,Florida St.,ACC,Florida,5-11,191,4.59,33.5,23.0,116.0,,
Tavius Robinson,EDGE,Mississippi,SEC,Mississippi,6-6,257,4.66,33.5,23.0,120.0,,4.62
Jaquelin Roy,DT,LSU,SEC,Louisiana,6-3,305,,,30.0,,8.01,5.0
Darius Rush,CB,South Carolina,SEC,South Carolina,6-2,198,4.36,35.0,,121.0,,
Chad Ryland,K,Maryland,Big Ten,Maryland,6-0,190,,,,,,
Nick Saldiveri,G,Old Dominion,Conference USA,Virginia,6-6,318,5.21,31.0,,111.0,,4.69
Drew Sanders,LB,Arkansas,SEC,Arkansas,6-4,235,,,,,,
John Michael Schmitz,C,Minnesota,Big Ten,Minnesota,6-4,301,5.35,29.5,,104.0,,4.56
Luke Schoonmaker,TE,Michigan,Big Ten,Michigan,6-5,251,,33.5,,127.0,,4.27
Daniel Scott,SAF,California,PAC-12,California,6-1,208,4.45,39.5,22.0,128.0,6.75,4.17
Tyler Scott,WR,Cincinnati,AAC,Ohio,5-10,177,4.44,39.5,,133.0,,
Juice Scruggs,C,Penn St.,Big Ten,Pennsylvania,6-3,301,5.22,32.0,,102.0,7.75,4.82
Noah Sewell,LB,Oregon,PAC-12,Oregon,6-2,246,4.64,33.0,27.0,115.0,,
Justin Shorter,WR,Florida,SEC,Florida,6-4,229,4.55,35.5,18.0,126.0,,
Nesta Jade Silvera,DT,Arizona St.,PAC-12,Arizona,6-2,304,5.16,29.5,,110.0,,
Trenton Simpson,LB,Clemson,ACC,South Carolina,6-2,235,4.43,,25.0,,,
JL Skinner,SAF,Boise St.,Mountain West,Illinois,6-4,209,,,,,,
Peter Skoronski,OT,Northwestern,Big Ten,Illinois,6-4,313,5.16,34.5,,115.0,7.8,
Cam Smith,CB,South Carolina,SEC,South Carolina,6-1,180,4.43,38.0,,134.0,,
Christopher Smith,SAF,Georgia,SEC,Georgia,5-11,192,4.62,33.0,15.0,116.0,,
Mazi Smith,DT,Michigan,Big Ten,Michigan,6-3,323,,,34.0,,,
Nolan Smith,EDGE,Georgia,SEC,Georgia,6-2,238,4.39,41.5,,128.0,,
Terell Smith,CB,Minnesota,Big Ten,Minnesota,6-1,204,4.41,34.0,14.0,120.0,7.02,4.3
Jaxon Smith-Njigba,WR,Ohio St.,Big Ten,Ohio,6-1,196,,35.0,,125.0,6.57,3.93
Sidy Sow,G,Eastern Michigan,MAC,Michigan,6-5,323,5.07,32.0,,110.0,7.62,4.69
Tyjae Spears,RB,Tulane,AAC,Louisiana,5-10,201,,39.0,,125.0,,
Tyler Steen,OT,Alabama,SEC,Alabama,6-6,321,,29.5,,109.0,,4.59
Tyrique Stevenson,CB,Miami,ACC,Florida,6-0,198,4.45,38.5,,125.0,7.09,4.41
Dante Stills,DT,West Virginia,Big 12,West Virginia,6-4,286,4.85,28.5,20.0,113.0,7.38,4.61
Brenton Strange,TE,Penn St.,Big Ten,Pennsylvania,6-4,253,,36.0,23.0,124.0,7.25,4.46
Ricky Stromberg,C,Arkansas,SEC,Arkansas,6-3,306,5.26,32.5,,111.0,,
C.J. Stroud,QB,Ohio St.,Big Ten,Ohio,6-3,214,,,,,,
Leonard Taylor,TE,Cincinnati,AAC,Ohio,6-5,250,,,,,,
Noah Taylor,EDGE,North Carolina,ACC,North Carolina,6-4,238,,,22.0,,,
Charlie Thomas,LB,Georgia Tech,ACC,Georgia,6-3,216,4.52,32.5,18.0,124.0,7.09,4.34
Tavion Thomas,RB,Utah,PAC-12,Utah,6-0,237,4.74,30.0,,118.0,,
SaRodorick Thompson,RB,Texas Tech,Big 12,Texas,6-0,207,4.67,32.5,,120.0,7.25,4.7
Dorian Thompson-Robinson,QB,UCLA,PAC-12,California,6-2,203,4.56,32.5,,121.0,7.28,4.44
Cedric Tillman,WR,Tennessee,SEC,Tennessee,6-3,213,4.54,37.0,,128.0,,
Mitchell Tinsley,WR,Penn St.,Big Ten,Pennsylvania,6-0,199,4.6,35.5,14.0,120.0,,4.21
Joe Tippmann,C,Wisconsin,Big Ten,Wisconsin,6-6,313,,,,,,
Henry To'oTo'o,LB,Alabama,SEC,Alabama,6-1,227,4.62,32.0,,116.0,,4.4
O'Cyrus Torrence,G,Florida,SEC,Florida,6-5,330,5.31,23.5,,101.0,,4.81
Cory Trice,CB,Purdue,Big Ten,Indiana,6-3,206,4.47,35.5,17.0,132.0,,
Sean Tucker,RB,Syracuse,ACC,New York,5-9,207,,,,,,
Tre Tucker,WR,Cincinnati,AAC,Ohio,5-9,182,4.4,37.5,,124.0,,
Tuli Tuipulotu,EDGE,USC,PAC-12,California,6-3,266,,,,,,
Clayton Tune,QB,Houston,AAC,Texas,6-3,220,4.64,37.5,,122.0,6.89,4.25
Michael Turk,P,Oklahoma,Big 12,Oklahoma,6-0,227,4.83,34.0,,109.0,,
DJ Turner,CB,Michigan,Big Ten,Michigan,5-11,178,4.26,38.5,,131.0,,
Carrington Valentine,CB,Kentucky,SEC,Kentucky,6-0,193,,39.0,9.0,128.0,,
Deuce Vaughn,RB,Kansas St.,Big 12,Kansas,5-5,179,,35.5,,116.0,,
Travis Vokolek,TE,Nebraska,Big Ten,Nebraska,6-6,259,,,20.0,115.0,,
Andrew Vorhees,G,USC,PAC-12,California,6-6,310,,29.0,,105.0,,
Dalton Wagner,OT,Arkansas,SEC,Arkansas,6-8,320,,24.5,,102.0,,
Alex Ward,LS,Central Florida,AAC,Florida,6-4,240,5.06,30.0,12.0,114.0,,4.46
Jay Ward,CB,LSU,SEC,Louisiana,6-1,188,4.55,34.5,16.0,132.0,,
Carter Warren,OT,Pittsburgh,ACC,Pennsylvania,6-6,311,,,,,,
Darnell Washington,TE,Georgia,SEC,Georgia,6-7,264,,31.0,21.0,122.0,,4.08
Parker Washington,WR,Penn St.,Big Ten,Pennsylvania,5-10,204,,,16.0,,,
Jalen Wayne,WR,South Alabama,Sun Belt,Alabama,6-2,210,4.51,34.5,,124.0,,
Tyrus Wheat,EDGE,Mississippi St.,SEC,Mississippi,6-2,263,4.65,28.5,,113.0,,4.54
Keion White,EDGE,Georgia Tech,ACC,Georgia,6-5,285,,34.0,30.0,117.0,,
Blake Whiteheart,TE,Wake Forest,ACC,North Carolina,6-4,247,,35.5,20.0,115.0,,
Josh Whyle,TE,Cincinnati,AAC,Ohio,6-7,248,,33.5,,115.0,,
Dontayvion Wicks,WR,Virginia,ACC,Virginia,6-1,206,4.62,39.0,,130.0,,
Dorian Williams,LB,Tulane,AAC,Louisiana,6-1,228,4.49,33.5,,120.0,,
Garrett Williams,CB,Syracuse,ACC,New York,5-10,192,,,,,,
Brayden Willis,TE,Oklahoma,Big 12,Oklahoma,6-4,241,,32.0,20.0,117.0,7.3,4.36
Michael Wilson,WR,Stanford,PAC-12,California,6-2,213,4.58,37.5,23.0,125.0,,4.27
Tyree Wilson,EDGE,Texas Tech,Big 12,Texas,6-6,271,,,23.0,,,
Dee Winters,LB,TCU,Big 12,Texas,5-11,227,4.49,30.5,,117.0,,
Devon Witherspoon,CB,Illinois,Big Ten,Illinois,6-0,181,,,,,,
Colby Wooden,DE,Auburn,SEC,Alabama,6-4,273,4.79,,23.0,115.0,,4.52
Darnell Wright,OT,Tennessee,SEC,Tennessee,6-5,333,5.01,29.0,,114.0,,
Rejzohn Wright,CB,Oregon St.,PAC-12,Oregon,6-2,193,,,,,,
Luke Wypler,C,Ohio St.,Big Ten,Ohio,6-3,303,5.14,30.5,,106.0,7.64,4.53
Bryce Young,QB,Alabama,SEC,Alabama,5-10,204,,,,,,
Byron Young,EDGE,Tennessee,SEC,Tennessee,6-2,250,4.43,38.0,22.0,132.0,7.19,
Byron Young,DT,Alabama,SEC,Alabama,6-3,294,,26.0,24.0,108.0,7.68,
Cameron Young,DT,Mississippi St.,SEC,Mississippi,6-3,304,5.1,,,,,
